product,product_variant_count
AQ BZ Gen Z,8
AQ Gamer 2,8
AQ Gamer 3,8
AQ Mforce Gen Y,8
AQ BZ Allin1,8
AQ BZ Allin1 Gen 2,8
AQ BZ Compact,8
AQ BZ Gen Y,8
AQ Mforce Gen X,8
AQ Gen X,8
AQ Gen Y,8
AQ GEN Z,8
AQ Digit,8
AQ Smash 1,8
AQ Home Allin1,8
AQ HOME Allin1 Gen 2,8
AQ Mforce Gen Z,8
AQ Smash 2,8
AQ Elite,8
AQ F16,8
AQ Gamer 1,8
AQ Aspiron,7
AQ Master wired x1,6
AQ Master wired x1 Ms,6
AQ Master wireless x1,6
AQ Lite Ms,6
AQ Master wireless x1 Ms,6
AQ Maxima,6
AQ Maxima Ms,6
AQ Qwerty,6
AQ Qwerty Ms,6
AQ Trigger Ms,6
AQ Velocity,6
AQ Gamers ,6
AQ Gamers Ms,6
AQ Lite,6
AQ Trigger,6
AQ Lumina,6
AQ Lumina Ms,6
AQ Mx NB,5
AQ LION x3,5
AQ LION x2,5
AQ LION x1,5
AQ MB Elite,4
AQ BZ 101,4
AQ MB Lito,4
AQ MB Lito 2,4
AQ Dracula HDD – 3.5 Inch SATA 6 Gb/s 5400 RPM 256 MB Cache,4
AQ Marquee P3,4
AQ Marquee P4,4
AQ GT 21,4
AQ MB Crossx,4
AQ MB Crossx 2,4
AQ Digit SSD,3
AQ Electron 3 3600 Desktop Processor,3
AQ Electron 4 3600 Desktop Processor,3
AQ Neuer SSD,3
AQ Pen Drive 2 IN 1,3
AQ Pen Drive DRC,3
AQ 5000 Series Electron 9 5900X Desktop Processor,3
AQ 5000 Series Ultron 8 5900X Desktop Processor,3
AQ Clx1,3
AQ Electron 5 3600 Desktop Processor,3
AQ 5000 Series Electron 8 5900X Desktop Processor,3
AQ Clx2,3
AQ Ultra Dual 2.0,3
AQ Ultra Dual 3.0,3
AQ Clx3,3
AQ WereWolf NAS Internal Hard Drive HDD – 8.89 cm,3
AQ Wi Power Dx1,3
AQ Wi Power Dx2,3
AQ Wi Power Dx3,3
AQ Zion Saga,3
